name,ratings,comments,website,phone number,emails
Direkt Enerji,"5,0",(2),https://direktenerji.com/,(0352) 232 82 32,"F, a, i, l, e, d,  , t, o,  , f, e, t, c, h,  , w, e, b, s, i, t, e"
Fiba Yenilenebilir Enerji Holding A.Ş.,"3,5",(32),http://www.fibaenerji.com/,(0216) 554 54 00,No email found
Asunim Türkiye,"5,0",(2),https://www.asunim.com.tr/,(0312) 467 77 72,No email found
Eresin Enerji Yatırım Ortaklığı,"5,0",(1),http://www.eresin.eu/,0551 705 83 05,No email found
Vi enerji muhendislik,Has No rating,Has No comments.,http://www.vienerji.com/,(0352) 606 06 84,"info@vienerji.com, info@vienerji.com"
Sunnyguard Solar Enerji | Kayseri Solar Enerji,Has No rating,Has No comments.,https://sgenerji.com/,0546 238 48 58,info@sgenerji.com
Efektif Enerji,Has No rating,Has No comments.,http://www.efektifenerji.com.tr/,(0352) 224 83 64,"web@efektifenerji.com.tr, web@efektifenerji.com.tr"
Göktekin Enerji Ankara - İç Anadolu Bölge Ofisi,Has No rating,Has No comments.,https://goktekinenerji.com/,(0312) 557 55 58,No email found
Türkiye Nükleer Enerji Anonim Şirketi (TÜNAŞ),"5,0",(13),https://www.tunas.gov.tr/,(0312) 285 00 21,No email found
CW ENERJİ MÜH. TİC. VE SAN. A.Ş.,"4,6",(283),https://cw-enerji.com/,444 2 002,No email found
Hunat Enerji,Has No rating,Has No comments.,http://www.hunatenerji.com/tr/ne-yapiyoruz,(0352) 207 80 55,"sales@hunatenerji.com, sales@hunatenerji.com"
Age Enerji,"4,7",(3),http://www.ageenerji.com.tr/,(0312) 428 12 56,enerji@age.com.tr
CY Enerji Ltd. Şti.,Has No rating,Has No comments.,http://www.cyenerji.com/,0532 771 66 47,Error accessing website
KAIVEN ENERJİ ve YAT.A.Ş. İÇ ANADOLU BÖLGE MÜDÜRLÜĞÜ,"5,0",(4),http://kaiven.com.tr/,(0352) 322 28 28,No email found
Solair Enerji,"4,6",(10),http://www.solairenerji.com/,0533 267 21 30,"info@solairenerji.com, info@solairenerji.com, info@solairenerji.com"
Ensotech Yatırım Enerji Mühendislik,"5,0",(68),http://ensotech.com.tr/,(0352) 513 03 45,"info@ensotech.com.tr, info@ensotech.com.tr"
Venta Enerji Limited Şirketi,"4,7",(40),http://www.enerjisepetim.com/,0552 504 98 03,No email found
Omega Enerji,"3,0",(1),https://www.omegaenerji.com/,(0212) 266 24 98,"omega@omegaenerji.com, omega@omegaenerji.com, omegaenerji@hs03.kep.tr"
Molu Enerji,Has No rating,Has No comments.,http://www.moluenerji.com.tr/,(0352) 697 40 44,"info@moluenerji.com.tr, info@moluenerji.com.tr, info@moluenerji.com.tr, info@moluenerji.com.tr, ajax-loader@2x.gif"
EKİN ENERJİ LTD. ŞTİ.,"5,0",(2),http://ekinenerji.com/,(0312) 473 20 16,"info@ekinenerji.com, info@ekinenerji.com, info@ekinenerji.com"
Delco Enerji Yatırım ve Taahhüt A.Ş.,Has No rating,Has No comments.,https://delcosolar.com.tr/iletisim,(0212) 812 25 47,info@delcosolar.com.tr
Ges Enerji San. Ve Tic. Ltd. Şti.,"1,0",(1),http://www.gesenerji.com/,(0212) 438 45 90,"F, a, i, l, e, d,  , t, o,  , f, e, t, c, h,  , w, e, b, s, i, t, e"
ROFA SOLAR,"5,0",(2),http://www.rofasolar.com/,No phone number,"info@rofasolar.com, info@rofasolar.com"
Sonetrol Enerji Sanayi ve Ticaret AŞ.,"4,5",(24),http://www.sonetrol.com.tr/,0850 259 3438,"info@sonetrol.com.tr, info@sonetrol.com.tr, info@sonetrol.com.tr, info@sonetrol.com.tr, sales@sonetrol.com.tr, sales@sonetrol.com.tr, export@sonetrol.com.tr, export@sonetrol.com.tr, 605a7baede844d278b89dc95ae0a9123@sentry-next.wixpress.com, 8c4075d5481d476e945486754f783364@sentry.io, 460ff4620fa44cba8df530afde949785@sentry.wixpress.com, 8eb368c655b84e029ed79ad7a5c1718e@sentry.wixpress.com, info@sonetrol.com.tr, 8eb368c655b84e029ed79ad7a5c1718e@sentry.wixpress.com, 8eb368c655b84e029ed79ad7a5c1718e@sentry.wixpress.com, 8eb368c655b84e029ed79ad7a5c1718e@sentry.wixpress.com, 8c4075d5481d476e945486754f783364@sentry.io, 460ff4620fa44cba8df530afde949785@sentry.wixpress.com, 460ff4620fa44cba8df530afde949785@sentry.wixpress.com, 460ff4620fa44cba8df530afde949785@sentry.wixpress.com, 8eb368c655b84e029ed79ad7a5c1718e@sentry.wixpress.com, 8c4075d5481d476e945486754f783364@sentry.io, 460ff4620fa44cba8df530afde949785@sentry.wixpress.com, 8c4075d5481d476e945486754f783364@sentry.io, 460ff4620fa44cba8df530afde949785@sentry.wixpress.com, 460ff4620fa44cba8df530afde949785@sentry.wixpress.com, 460ff4620fa44cba8df530afde949785@sentry.wixpress.com, 8eb368c655b84e029ed79ad7a5c1718e@sentry.wixpress.com, 8eb368c655b84e029ed79ad7a5c1718e@sentry.wixpress.com, 8eb368c655b84e029ed79ad7a5c1718e@sentry.wixpress.com, 8eb368c655b84e029ed79ad7a5c1718e@sentry.wixpress.com"
Enda Enerji Holding A.Ş.,"4,2",(5),http://www.endaenerji.com.tr/,(0232) 463 98 11,No email found
İklim Enerji,"5,0",(15),http://www.iklimenerji.com/,(0312) 284 40 40,info@iklimenerji.com
Göktekin Enerji,Has No rating,Has No comments.,https://goktekinenerji.com/,(0212) 823 37 00,No email found
Muga Enerji LTD. ŞTİ.,"5,0",(1),http://mugaenerji.com.tr/,0533 593 91 38,"info@mugaenerji.com.tr, info@mugaenerji.com, info@mugaenerji.com"
Göktekin Enerji,"4,6",(10),http://goktekinenerji.com/,(0322) 248 47 00,No email found
NORM ENERJİ SİSTEMLERİ LTD.,"4,4",(35),http://www.normenerji.com.tr/,(0212) 320 42 55,No email found
Exp solar enerji,"5,0",(5),https://expenerji.com/,0537 970 66 82,expenerji@gmail.com
Göze Enerji,"5,0",(4),http://www.gozeenerji.com.tr/,(0312) 447 77 86,"info@gozeenerji.com.tr, info@gozeenerji.com.tr"
SP ENERJİ ELEKTRİK ÜRETİM LTD. ŞTİ.,"3,9",(7),http://www.spenerji.com.tr/,(0322) 457 32 32,"info@spenerji.com.tr, info@spenerji.com.tr, info@spenerji.com.tr, info@spenerji.com.tr"
OzEnergy AŞ,"5,0",(29),http://www.ozenergy.com/,(0232) 700 03 35,"info@ozenergy.com, info@ozenergy.com, info@ozenergy.com, info@ozenergy.com, info@ozenergy.com"
CNS Enerji,"4,7",(24),http://www.cnsenerji.com/,(0352) 320 22 67,"info@cnsenerji.com, info@cnsenerji.com"
Bayraktar Solar Enerji A.Ş.,"5,0",(2),http://bayraktarsolar.com/,0850 303 6464,"F, a, i, l, e, d,  , t, o,  , f, e, t, c, h,  , w, e, b, s, i, t, e"
TEK ENERJİ,"4,6",(9),http://www.tek-enerji.com/,(0224) 274 00 16,"t@click.stop, info@tek-enerji.com, info@tek-enerji.com, info@tek-enerji.com, info@tek-enerji.com, info@tek-enerji.com, support@example.com"
IC İçtaş Enerji,"2,6",(5),http://www.ictasenerji.com.tr/,(0312) 285 83 63,No email found
Nurol Enerji Üretim ve Pazarlama A.Ş.,Has No rating,Has No comments.,http://www.nurolenerji.com.tr/,(0312) 455 18 80,No email found
Endoks Enerji A.Ş.,"4,5",(37),https://www.endoks.com/,(0312) 256 00 86,info@endoks.com.tr
Orbit Enerji Hab. Tek. San. ve Tic. A.Ş.,"5,0",(11),http://www.orbitenerji.com/,444 1 672,No email found
TUNCER ELEKTRİK,"5,0",(53),https://www.temelektromekanik.com/,(0212) 431 17 54,No email found
TERMOKOL GÜNEŞ ENERJİ SİSTEMLERİ,"5,0",(1),http://www.termokol.com/,(0352) 502 14 53,"mail@example.com, info@termokol.com, mail@example.com, info@termokol.com, info@termokol.com"
INTEC ENERGY SOLUTIONS - Turkey,"4,5",(17),https://www.in-tecenergy.com/,(0312) 285 57 86,No email found
LİDAR ENERJİ,Has No rating,Has No comments.,http://lidarenerji.com/,(0312) 803 28 83,"info@lidarenerji.com, info@lidarenerji.com"
Tek Enerji,Has No rating,Has No comments.,http://bursatekenerji.com/,0532 177 74 85,info@bursatekenerji.com
Gold Energy Mühendislik İnşaat Danışmanlık ve Dış Ticaret Ltd. Şti.,"5,0",(2),http://www.goldenergy.com.tr/,(0212) 221 55 71,"info@goldenergy.com.tr, info@goldenergy.com.tr"
enerji danismanlik,Has No rating,Has No comments.,http://enerjidanismanlik.com/,0532 356 70 90,"info@enerjidanismanlik.com, av.mem@enerjiilanlari.com, aliciftci@enerjiilanlari.com, suleymanceyhan@enerjiilanlari.com"
Kızıl Enerji,"5,0",(1),http://kizilenerji.com.tr/,0535 597 00 16,No email found
DAXLER ENERGY,"4,9",(31),https://www.daxlerenergy.com/,444 9 577,Error accessing website
YBT Enerji,Has No rating,Has No comments.,http://www.ybtenerji.com/,(0312) 220 07 09,"info@ybtenerji.com, info@ybtenerji.com"
MY Enerjisolar - Güneş Enerji Sistemleri - Çatı Güneş,"3,4",(10),http://www.myenerjisolar.com/,(0216) 361 64 00,No email found
Kayzer Enerji,"5,0",(3),http://www.kayzerenerji.com/,(0352) 220 12 22,"bilgi@kayzerenerji.com, bilgi@kayzerenerji.com, bilgi@kayzerenerji.com"
ENERGETIC ENERJI YATIRIMLARI A.S.,Has No rating,Has No comments.,http://www.energetic.com.tr/,(0216) 688 67 85,Error accessing website
Dmr Solar Enerji Sistemleri Pazarlama ve Ticaret Limited Şirketi,"3,9",(11),http://www.dmrsolar.com.tr/,0532 434 49 99,"irecco@mail.com, info@dmrsolar.com.tr"
"Vatan Enerji, Yenilenebilir Enerji Sistemleri Mühendisliği","5,0",(1),http://vatanenerjisistemleri.com/,0534 601 70 84,info@vatanenerjisistemleri.com
Else Enerji Ankara Merkez,"4,8",(20),http://www.elseenerji.com/,(0312) 235 55 58,"info@elseenerji.com, info@elseenerji.com"
Akas Enerji,"5,0",(2),http://www.akasenerji.com/,(0242) 742 80 80,"info@akasenerji.com, info@akasenerji.com, info@akasenerji.com, info@akasenerji.com, info@akasenerji.com"
Yalçın Yenilenebilir Enerji Sistemleri San. Tic. Ltd. Şti,"4,8",(4),http://www.yalcinenerji.com/,0850 532 3023,"F, a, i, l, e, d,  , t, o,  , f, e, t, c, h,  , w, e, b, s, i, t, e"
Kayso Solar Enerji,"5,0",(1),http://kaysoenerji.com/,0506 740 01 38,"info@kaysoenerji.com, info@kaysoenerji.com"
Pro Enerji İnşaat Ltd. Şti.,Has No rating,Has No comments.,http://www.prokurumsal.com/,(0212) 669 00 14,Error accessing website
Efes Enerji Pano İnşaat Taahhüt San. ve Tic. A. Ş,Has No rating,Has No comments.,http://efesenerji.com/,(0216) 677 11 71,"efes@efesenerji.com, efes@efesenerji.com, efes@efesenerji.com, efes@efesenerji.com, info@efesenerji.com"
Enerjisun Solar Enerji ve Mühendislik,Has No rating,Has No comments.,http://enerjisun.com.tr/,(0342) 606 03 95,"info@enerjisun.com.tr, info@enerjisun.com.tr, info@enerjisun.com.tr, info@enerjisun.com.tr"
Gensed,"5,0",(1),http://www.gensed.org/,(0216) 455 35 00,No email found
Bilgin Enerji,"4,8",(9),http://www.bilgin.com.tr/,(0312) 446 30 23,"contact@bilgin.com.tr, contact@bilgin.com.tr"
Kolay Enerji Sanayi ve Ticaret A.Ş.,Has No rating,Has No comments.,http://www.kolayenerji.com.tr/,(0216) 332 81 94,info@kolayenerji.com.tr
ENERJİTEM,"4,6",(22),https://enerjitem.com/,0539 594 78 33,"eben@eyebytes.com, info@enerjitem.com, info@enerjitem.com, info@enerjitem.com, info@enerjitem.com, info@enerjitem.com, info@enerjitem.com, export@enerjitem.com, export@enerjitem.com, technical@enerjitem.com, technical@enerjitem.com"
Power Solar Enerji Elekt. Ürt. A.Ş,"4,0",(8),https://www.powersolar.com.tr/,(0216) 481 66 99,"info@powersolar.com.tr, info@powersolar.com.tr, info@powersolar.com.tr, info@powersolar.com.tr"
AYENKA Mühendislik Ltd. Şti.,"5,0",(7),http://www.ayenka.com/,(0352) 320 04 41,"info@ayenka.com, info@ayenka.com"
Krannich Solar Türkiye,"5,0",(2),https://tr.krannich-solar.com/,(0212) 570 26 20,No email found
Global ENCO Enerji,"4,8",(32),http://www.globalenco.com/,(0312) 511 00 88,"info@globalenco.com, info@globalenco.com"
Bİ ENERJİ,"5,0",(10),https://www.bienergy.com.tr/,(0312) 870 18 80,No email found
ENERCON Rüzgar Enerji Santrali Kurulum Hizmetleri Ltd. Şti.,"5,0",(1),http://www.enercon.de/,(0216) 569 74 17,info@enercon.de
Senerji Elektrik Teknoloji A.Ş.,"4,7",(7),http://www.senerji.istanbul/,(0212) 356 21 11,"header-logo@3x.png, header-logo@3x.png, header-logo@3x.png, sales@senerji.istanbul, sales@senerji.istanbul"
ETM Solar Enerji A.Ş,"5,0",(1),http://etmenerji.com/,(0224) 242 88 28,"info@etmenerji.com, info@etmenerji.com"
FARTAŞ ENERJİ İNŞAAT LTD.ŞTİ.,"5,0",(3),http://www.fartas.com.tr/,(0258) 265 39 69,No email found
Margün,"1,0",(3),http://margunenerji.com.tr/,(0312) 467 18 33,"605a7baede844d278b89dc95ae0a9123@sentry-next.wixpress.com, 88170cb0c9d64f94b5821ca7fd2d55a4@sentry-next.wixpress.com, 88170cb0c9d64f94b5821ca7fd2d55a4@sentry-next.wixpress.com, 88170cb0c9d64f94b5821ca7fd2d55a4@sentry-next.wixpress.com, 88170cb0c9d64f94b5821ca7fd2d55a4@sentry-next.wixpress.com, 88170cb0c9d64f94b5821ca7fd2d55a4@sentry-next.wixpress.com, 88170cb0c9d64f94b5821ca7fd2d55a4@sentry-next.wixpress.com, 88170cb0c9d64f94b5821ca7fd2d55a4@sentry-next.wixpress.com, 88170cb0c9d64f94b5821ca7fd2d55a4@sentry-next.wixpress.com, 88170cb0c9d64f94b5821ca7fd2d55a4@sentry-next.wixpress.com, 88170cb0c9d64f94b5821ca7fd2d55a4@sentry-next.wixpress.com, 88170cb0c9d64f94b5821ca7fd2d55a4@sentry-next.wixpress.com, 88170cb0c9d64f94b5821ca7fd2d55a4@sentry-next.wixpress.com, 88170cb0c9d64f94b5821ca7fd2d55a4@sentry-next.wixpress.com, 88170cb0c9d64f94b5821ca7fd2d55a4@sentry-next.wixpress.com, 88170cb0c9d64f94b5821ca7fd2d55a4@sentry-next.wixpress.com, 88170cb0c9d64f94b5821ca7fd2d55a4@sentry-next.wixpress.com, 88170cb0c9d64f94b5821ca7fd2d55a4@sentry-next.wixpress.com, 88170cb0c9d64f94b5821ca7fd2d55a4@sentry-next.wixpress.com, 88170cb0c9d64f94b5821ca7fd2d55a4@sentry-next.wixpress.com, 88170cb0c9d64f94b5821ca7fd2d55a4@sentry-next.wixpress.com, 88170cb0c9d64f94b5821ca7fd2d55a4@sentry-next.wixpress.com, 88170cb0c9d64f94b5821ca7fd2d55a4@sentry-next.wixpress.com, 88170cb0c9d64f94b5821ca7fd2d55a4@sentry-next.wixpress.com"
Real Solar Enerji,Has No rating,Has No comments.,http://www.realsolarenerji.com/,No phone number,"info@realsolarenerji.com, info@realsolarenerji.com, info@realsolarenerji.com, info@realsolarenerji.com"
TNA Yenilenebilir Enerji,Has No rating,Has No comments.,http://tna.com.tr/,(0312) 386 27 90,"tna@tna.com.tr, tna@tna.com.tr, tna@tna.com.tr, tna@tna.com.tr"
MaxWatt Enerji,"5,0",(11),http://www.maxwattenerji.com/,(0212) 549 19 96,info@maxwattenerji.com
Akar Solar Enerji Sistemleri,Has No rating,Has No comments.,http://www.akarsolar.com.tr/,(0216) 499 25 27,No email found
Elin A.Ş.,"4,1",(7),http://www.elin.com.tr/,(0312) 235 38 38,"F, a, i, l, e, d,  , t, o,  , f, e, t, c, h,  , w, e, b, s, i, t, e"
HT Solar Enerji A.Ş.(HT-SAAE),"3,7",(29),http://www.htsolar.com.tr/,(0216) 504 72 73,"home-section1@300x.png, sales.tr@ht-saae.com, sales.tr@ht-saae.com"
Yeşil Global Enerji A.Ş.,"3,6",(5),https://yesilglobal.com/,(0212) 221 81 11,"logo@2x.png, logo@2x.png"
Yılka Enerji Elektrik Mühendislik ve Proje Hizmetleri San. ve Tic. Ltd. Şti.,Has No rating,Has No comments.,https://yilkaenerji.com/,0539 924 95 81,"info@yilkaenerji.com, info@yilkaenerji.com, info@yilkaenerji.com, info@yilkaenerji.com, info@yilkaenerji.com, info@yilkaenerji.com"
Doruk Solar Güneş Enerji Sistemleri,"5,0",(1),http://www.doruksolar.com/,(0352) 502 00 77,"bilgi@doruksolar.com, bilgi@doruksolar.com"
Nasa Solar Enerji (Smart Antalya Bayii),"5,0",(43),https://www.nasaenerji.com/,0546 412 33 93,No email found
Eksper Enerji,"4,5",(8),http://eksperenerji.com/,0532 432 44 08,No email found
Kobinerji Mühendislik ve Enerji Verimlilik Danışmanlığı Anonim Şirketi,"5,0",(17),https://www.kobinerji.com/,0535 714 52 88,"info@kobinerji.com, info@kobinerji.com, info@kobinerji.com, info@kobinerji.com, 605a7baede844d278b89dc95ae0a9123@sentry-next.wixpress.com, dd0a55ccb8124b9c9d938e3acf41f8aa@sentry.wixpress.com, c183baa23371454f99f417f6616b724d@sentry.wixpress.com, 8c4075d5481d476e945486754f783364@sentry.io, ed436f5053144538958ad06a5005e99a@sentry.wixpress.com, 460ff4620fa44cba8df530afde949785@sentry.wixpress.com, 18d2f96d279149989b95faf0a4b41882@sentry-next.wixpress.com, 8eb368c655b84e029ed79ad7a5c1718e@sentry.wixpress.com, 2062d0a4929b45348643784b5cb39c36@sentry.wixpress.com, 2062d0a4929b45348643784b5cb39c36@sentry.wixpress.com, 2062d0a4929b45348643784b5cb39c36@sentry.wixpress.com, 2062d0a4929b45348643784b5cb39c36@sentry.wixpress.com, 2062d0a4929b45348643784b5cb39c36@sentry.wixpress.com, 2062d0a4929b45348643784b5cb39c36@sentry.wixpress.com, 2062d0a4929b45348643784b5cb39c36@sentry.wixpress.com, 2062d0a4929b45348643784b5cb39c36@sentry.wixpress.com, 2062d0a4929b45348643784b5cb39c36@sentry.wixpress.com, 2062d0a4929b45348643784b5cb39c36@sentry.wixpress.com, dd0a55ccb8124b9c9d938e3acf41f8aa@sentry.wixpress.com, c183baa23371454f99f417f6616b724d@sentry.wixpress.com, 8c4075d5481d476e945486754f783364@sentry.io, 8eb368c655b84e029ed79ad7a5c1718e@sentry.wixpress.com, 8eb368c655b84e029ed79ad7a5c1718e@sentry.wixpress.com, 8eb368c655b84e029ed79ad7a5c1718e@sentry.wixpress.com, ed436f5053144538958ad06a5005e99a@sentry.wixpress.com, 271e9fa3230b4eec94b02bf95780f5f2@sentry.wixpress.com, 271e9fa3230b4eec94b02bf95780f5f2@sentry.wixpress.com, 460ff4620fa44cba8df530afde949785@sentry.wixpress.com, 460ff4620fa44cba8df530afde949785@sentry.wixpress.com, 460ff4620fa44cba8df530afde949785@sentry.wixpress.com, 18d2f96d279149989b95faf0a4b41882@sentry-next.wixpress.com, 5d1795a2db124a268f1e1bd88f503500@sentry.wixpress.com, 5d1795a2db124a268f1e1bd88f503500@sentry.wixpress.com, 2062d0a4929b45348643784b5cb39c36@sentry.wixpress.com, 2062d0a4929b45348643784b5cb39c36@sentry.wixpress.com, dd0a55ccb8124b9c9d938e3acf41f8aa@sentry.wixpress.com, c183baa23371454f99f417f6616b724d@sentry.wixpress.com, 8c4075d5481d476e945486754f783364@sentry.io, 8eb368c655b84e029ed79ad7a5c1718e@sentry.wixpress.com, ed436f5053144538958ad06a5005e99a@sentry.wixpress.com, 460ff4620fa44cba8df530afde949785@sentry.wixpress.com, 18d2f96d279149989b95faf0a4b41882@sentry-next.wixpress.com, dd0a55ccb8124b9c9d938e3acf41f8aa@sentry.wixpress.com, c183baa23371454f99f417f6616b724d@sentry.wixpress.com, 8c4075d5481d476e945486754f783364@sentry.io, 271e9fa3230b4eec94b02bf95780f5f2@sentry.wixpress.com, ed436f5053144538958ad06a5005e99a@sentry.wixpress.com, 271e9fa3230b4eec94b02bf95780f5f2@sentry.wixpress.com, 460ff4620fa44cba8df530afde949785@sentry.wixpress.com, 460ff4620fa44cba8df530afde949785@sentry.wixpress.com, 460ff4620fa44cba8df530afde949785@sentry.wixpress.com, 5d1795a2db124a268f1e1bd88f503500@sentry.wixpress.com, 18d2f96d279149989b95faf0a4b41882@sentry-next.wixpress.com, 8eb368c655b84e029ed79ad7a5c1718e@sentry.wixpress.com, 8eb368c655b84e029ed79ad7a5c1718e@sentry.wixpress.com, 8eb368c655b84e029ed79ad7a5c1718e@sentry.wixpress.com, 8eb368c655b84e029ed79ad7a5c1718e@sentry.wixpress.com, 2062d0a4929b45348643784b5cb39c36@sentry.wixpress.com, 2062d0a4929b45348643784b5cb39c36@sentry.wixpress.com, 2062d0a4929b45348643784b5cb39c36@sentry.wixpress.com, 2062d0a4929b45348643784b5cb39c36@sentry.wixpress.com, 2062d0a4929b45348643784b5cb39c36@sentry.wixpress.com, 2062d0a4929b45348643784b5cb39c36@sentry.wixpress.com, 2062d0a4929b45348643784b5cb39c36@sentry.wixpress.com, 2062d0a4929b45348643784b5cb39c36@sentry.wixpress.com, 2062d0a4929b45348643784b5cb39c36@sentry.wixpress.com, 2062d0a4929b45348643784b5cb39c36@sentry.wixpress.com, 2062d0a4929b45348643784b5cb39c36@sentry.wixpress.com, 2062d0a4929b45348643784b5cb39c36@sentry.wixpress.com, 2062d0a4929b45348643784b5cb39c36@sentry.wixpress.com, 2062d0a4929b45348643784b5cb39c36@sentry.wixpress.com, 2062d0a4929b45348643784b5cb39c36@sentry.wixpress.com, 2062d0a4929b45348643784b5cb39c36@sentry.wixpress.com, 2062d0a4929b45348643784b5cb39c36@sentry.wixpress.com, 2062d0a4929b45348643784b5cb39c36@sentry.wixpress.com, 2062d0a4929b45348643784b5cb39c36@sentry.wixpress.com, 2062d0a4929b45348643784b5cb39c36@sentry.wixpress.com, 2062d0a4929b45348643784b5cb39c36@sentry.wixpress.com, 2062d0a4929b45348643784b5cb39c36@sentry.wixpress.com, 2062d0a4929b45348643784b5cb39c36@sentry.wixpress.com, 2062d0a4929b45348643784b5cb39c36@sentry.wixpress.com, 2062d0a4929b45348643784b5cb39c36@sentry.wixpress.com, 2062d0a4929b45348643784b5cb39c36@sentry.wixpress.com, 2062d0a4929b45348643784b5cb39c36@sentry.wixpress.com, 2062d0a4929b45348643784b5cb39c36@sentry.wixpress.com, 2062d0a4929b45348643784b5cb39c36@sentry.wixpress.com, 2062d0a4929b45348643784b5cb39c36@sentry.wixpress.com, 2062d0a4929b45348643784b5cb39c36@sentry.wixpress.com, 2062d0a4929b45348643784b5cb39c36@sentry.wixpress.com, 2062d0a4929b45348643784b5cb39c36@sentry.wixpress.com, 2062d0a4929b45348643784b5cb39c36@sentry.wixpress.com, 2062d0a4929b45348643784b5cb39c36@sentry.wixpress.com, 2062d0a4929b45348643784b5cb39c36@sentry.wixpress.com, 2062d0a4929b45348643784b5cb39c36@sentry.wixpress.com, 2062d0a4929b45348643784b5cb39c36@sentry.wixpress.com, 2062d0a4929b45348643784b5cb39c36@sentry.wixpress.com, 2062d0a4929b45348643784b5cb39c36@sentry.wixpress.com, 2062d0a4929b45348643784b5cb39c36@sentry.wixpress.com, 2062d0a4929b45348643784b5cb39c36@sentry.wixpress.com"
Astronergy,Has No rating,Has No comments.,http://astronergy.com.tr/,(0216) 621 00 55,"F, a, i, l, e, d,  , t, o,  , f, e, t, c, h,  , w, e, b, s, i, t, e"
Eken Çağ Enerji,"5,0",(22),http://www.ekencag.com/,0506 805 34 89,No email found
Rising Enerji,Has No rating,Has No comments.,https://www.risingenerji.com.tr/,0532 267 22 64,"info@risingenerji.com.tr, info@risingenerji.com.tr"
Green Diamond Enerji Danışmanlık Mühendislik Tedarik ve İnşaat A.Ş.,"5,0",(1),https://www.gdenerji.com/,(0312) 241 99 88,"info@gdenerji.com, info@gdenerji.com"
SAMLI SOLAR ENERJİ,"5,0",(7),https://www.samlisolar.com/,(0342) 321 55 65,No email found
SELECT ENERJİ,"5,0",(2),http://www.selectenerji.com/,0538 490 86 87,Error accessing website
enerjipaketi,"5,0",(10),https://www.enerjipaketi.com/,0546 611 64 55,No email found
Enerlab Enerji Ve İletişim Hiz A.Ş,"5,0",(1),http://www.enerlab.com.tr/,(0216) 353 75 10,"info@enerlab.com.tr, info@enerlab.com.tr, info@enerlab.com.tr, info@enerlab.com.tr, satis@enerlab.com.tr, satis@enerlab.com.tr"
Kraft Enerji,"5,0",(3),https://www.kraftenerji.com/,(0352) 502 00 82,"info@kraftenerji.com, info@kraftenerji.com, info@kraftenerji.com"
DC Enerji,Has No rating,Has No comments.,http://www.dcenerji.com.tr/,(0212) 212 60 73,"F, a, i, l, e, d,  , t, o,  , f, e, t, c, h,  , w, e, b, s, i, t, e"
Enerjimar Solar Enerji Sistemleri,"4,6",(41),https://www.enerjimar.com/,(0232) 388 96 48,"info@akilliticaret.com, info@enerjimar.com, info@enerjimar.com, info@enerjimar.com"
Rönesans Enerji Üretim ve Ticaret A.Ş.,Has No rating,Has No comments.,https://www.ronesansenerji.com/,(0312) 840 15 50,enerji.satis@ronesans.com
CW Enerji Marmara Bölge Müdürlüğü,"4,1",(17),https://www.cw-enerji.com/,(0224) 414 01 02,No email found
Zenges Enerji A.Ş.,"4,9",(54),https://www.zenges.com.tr/,(0242) 316 35 32,info@zenges.com.tr
General Solar,"5,0",(11),http://www.generalsolar.com.tr/,(0342) 322 13 26,Error accessing website
İş Enerji Yatırımları Anonim Şirketi,"5,0",(4),https://www.isenerji.com.tr/,(0212) 987 38 00,No email found
YEKTA ENERJİ,"5,0",(4),http://www.yektaenerji.com/,(0312) 394 60 98,info@yektaenerji.com
Tekniksolar Enerji Aydınlatma San. Tic. LTD. ŞTİ.,"3,7",(36),http://www.tekniksolar.com/,(0212) 235 00 50,"info@tekniksolar.com, info@tekniksolar.com, info@tekniksolar.com, 605a7baede844d278b89dc95ae0a9123@sentry-next.wixpress.com, 8c4075d5481d476e945486754f783364@sentry.io, 18d2f96d279149989b95faf0a4b41882@sentry-next.wixpress.com, 8eb368c655b84e029ed79ad7a5c1718e@sentry.wixpress.com, 8c4075d5481d476e945486754f783364@sentry.io, 8eb368c655b84e029ed79ad7a5c1718e@sentry.wixpress.com, 8eb368c655b84e029ed79ad7a5c1718e@sentry.wixpress.com, 8eb368c655b84e029ed79ad7a5c1718e@sentry.wixpress.com, 18d2f96d279149989b95faf0a4b41882@sentry-next.wixpress.com, 5d1795a2db124a268f1e1bd88f503500@sentry.wixpress.com, 5d1795a2db124a268f1e1bd88f503500@sentry.wixpress.com, 8c4075d5481d476e945486754f783364@sentry.io, 8eb368c655b84e029ed79ad7a5c1718e@sentry.wixpress.com, 18d2f96d279149989b95faf0a4b41882@sentry-next.wixpress.com, 8c4075d5481d476e945486754f783364@sentry.io, 5d1795a2db124a268f1e1bd88f503500@sentry.wixpress.com, 18d2f96d279149989b95faf0a4b41882@sentry-next.wixpress.com, 8eb368c655b84e029ed79ad7a5c1718e@sentry.wixpress.com, 8eb368c655b84e029ed79ad7a5c1718e@sentry.wixpress.com, 8eb368c655b84e029ed79ad7a5c1718e@sentry.wixpress.com, 8eb368c655b84e029ed79ad7a5c1718e@sentry.wixpress.com"
BEST Enerji Yönetimi Anonim Şirketi,"5,0",(9),http://www.bestenerji.com.tr/,(0216) 290 44 11,"info@bestenerji.com.tr, info@bestenerji.com.tr, info@bestenerji.com.tr"
Usluel Enerji A.Ş.,"4,8",(13),https://www.usluel.com/,(0312) 491 77 99,No email found
Solartürk Enerji,"5,0",(4),https://www.solarturk.com.tr/,(0342) 337 21 00,"info@solarturk.com.tr, info@solarturk.com.tr"
